[
	{
		"ParameterKey": "EnvironmentName",
		"ParameterValue": "UdacityProject"
	},
    {
		"ParameterKey": "AMItoUse",
		"ParameterValue": "ami-0263e4deb427da90e"
	},
	{
		"ParameterKey": "InstanceTypeParameter",
		"ParameterValue": "t3.medium"
	},
	{
		"ParameterKey": "BastionInstanceTypeParameter",
		"ParameterValue": "t3.micro"
	},
	{
		"ParameterKey": "KeyNameParameter",
		"ParameterValue": "keypair-bastionhost"
	},
	{
		"ParameterKey": "VpcCIDR",
		"ParameterValue": "10.0.0.0/16"
	},
	{
		"ParameterKey": "PublicSubnet1CIDR",
		"ParameterValue": "10.0.0.0/24"
	},
	{
		"ParameterKey": "PublicSubnet2CIDR",
		"ParameterValue": "10.0.1.0/24"
	},
	{
		"ParameterKey": "PrivateSubnet1CIDR",
		"ParameterValue": "10.0.2.0/24"
	},
	{
		"ParameterKey": "PrivateSubnet2CIDR",
		"ParameterValue": "10.0.3.0/24"
	}
]